id,gen,ht,wt,imb,age,cirw,cirth,cirn
1,1,154,69,29094,48,84,107,35
2,0,160,78,30469,56,96,104,37
3,1,163,86,32369,33,98,118,38
4,1,172,74,25014,52,86,105,39
5,1,167,56,20080,26,71,97,34
6,1,162,51,19433,27,71,94,34
7,1,156,47,19313,31,60,92,32
8,1,174,78,25763,27,80,110,35
9,1,158,65,26037,24,77,102,32
10,1,159,56,22151,27,72,90,35
11,1,165,51,18733,24,71,89,35
12,1,160,55,21484,30,62,93,31
13,1,164,48,17847,25,60,84,31
14,1,163,65,24465,43,72,102,34
15,1,167,105,37649,48,104,125,42
16,1,163,58,21830,32,69,100,30
17,1,162,52,19814,44,64,90,34
18,1,162,51,19433,35,66,88,33
19,1,169,59,20658,35,69,98,32
20,0,176,89,28732,32,92,103,42
21,0,176,81,26149,58,97,90,44
22,0,185,84,24543,35,96,107,41
23,1,163,65,24465,33,74,98,37
24,1,172,68,22985,36,73,100,35
25,1,176,64,20661,33,71,98,34
26,1,153,54,23068,36,76,94,32
27,0,180,65,20062,31,78,79,37
28,0,192,90,24414,36,96,107,41
29,0,182,64,19321,38,75,93,40
30,1,176,66,21307,31,75,95,35
31,1,156,68,27942,51,89,109,38
32,1,162,64,24387,56,80,100,36
33,1,165,65,23875,49,77,104,37
34,1,167,87,31195,46,102,101,37
35,1,170,62,21453,47,69,98,33
36,1,160,85,33203,51,100,123,37
37,1,164,77,28629,39,97,105,36
38,0,170,71,24567,40,85,98,41
39,0,186,85,24569,43,92,105,38
40,0,185,89,26004,44,91,110,41
41,0,176,98,31637,52,112,113,44
42,0,173,74,24725,55,89,80,42
43,0,170,85,29412,49,94,103,42
44,0,174,74,24442,54,90,100,41
45,0,170,70,24221,53,90,80,41
46,1,170,56,19377,25,72,93,32
47,0,174,74,24442,26,92,101,39
48,1,178,63,19884,25,66,93,35
49,1,167,97,34781,48,108,118,40
50,1,165,65,23875,32,79,101,35
51,0,180,64,19753,33,83,93,40
52,0,178,78,24618,25,82,80,38
53,1,166,61,22137,48,66,88,27
54,1,169,67,23459,30,77,102,34
55,1,164,63,23424,31,82,97,37
56,1,160,71,27734,43,89,108,37
57,1,164,54,20077,24,66,91,31
58,0,174,65,21469,52,83,90,39
59,1,162,62,23624,50,74,103,32
60,0,172,85,28732,58,107,103,41
61,0,186,88,25436,57,93,105,40
62,1,158,60,24035,43,76,96,36
63,1,161,53,20447,36,69,95,32
64,1,165,81,29752,56,87,106,31
65,1,173,73,24391,37,78,102,36
66,1,169,73,25559,24,73,99,30
67,1,164,50,18590,22,62,92,33
68,1,170,80,27682,44,89,106,40
69,1,175,64,20898,29,73,90,36
70,1,168,62,21967,27,70,98,32
71,1,170,70,24221,39,78,104,34
72,0,178,74,23356,24,89,104,42
73,1,175,53,17306,31,58,88,27
74,0,182,67,20227,24,78,70,38
75,0,181,76,23198,45,95,99,42
76,0,180,92,28395,34,96,110,40
77,0,183,84,25083,35,92,95,38
78,1,172,60,20281,31,71,98,34
79,1,165,61,22406,39,72,94,34
80,1,165,68,24977,34,79,98,35
81,1,164,92,34206,48,101,113,42
82,1,160,45,17578,29,71,83,32
83,0,170,90,31142,45,96,106,43
84,1,156,71,29175,49,87,106,37
85,1,158,50,20029,34,71,89,32
86,0,178,107,33771,37,120,122,48
87,1,173,70,23389,30,73,103,38
88,1,167,76,27251,39,88,114,38
89,1,160,77,30078,57,96,112,38
90,1,164,67,24911,41,88,100,37
91,1,153,60,25631,47,69,91,33
92,1,164,58,21565,33,72,90,35
93,1,158,64,25637,27,77,107,34
94,1,172,58,19605,30,64,90,29
95,1,161,82,31635,32,91,112,40
96,1,168,64,22676,28,76,102,33
97,0,176,84,27118,44,94,102,45
98,0,169,62,21708,30,68,84,32
99,0,170,106,36678,34,119,120,45
100,0,192,107,29026,41,103,116,42
101,1,164,58,21565,55,71,95,35
102,1,162,57,21719,45,74,97,34
103,1,174,110,36332,42,104,121,37
104,0,186,110,31796,43,110,110,46
105,1,160,61,23828,43,77,97,36
106,1,168,61,21613,62,93,72,35
107,1,163,64,24088,27,74,103,34
108,1,172,90,30422,36,83,118,39
109,1,164,65,24167,34,74,102,33
110,1,162,91,34675,55,90,120,36
111,0,173,89,29737,51,119,115,46
112,1,160,58,22656,40,67,93,28
113,1,176,68,21952,34,76,103,35
114,1,170,70,24221,38,83,103,34
115,1,168,64,22676,29,71,103,36
116,1,164,62,23052,36,72,95,34
117,0,179,87,27153,41,94,90,38
118,1,167,58,20797,37,75,97,36
119,1,176,74,23889,38,89,103,39
120,1,167,57,20438,39,74,94,32
121,0,185,77,22498,26,85,101,40
122,1,164,68,25283,35,76,98,34
123,1,153,55,23495,34,75,92,35
124,0,180,94,29012,57,101,98,40
125,0,189,90,25195,26,87,105,41
126,1,,,,18,,,
127,1,170,52,17993,33,69,85,33
128,1,177,67,21386,27,71,99,37
129,0,172,94,31774,59,106,113,43
130,0,164,59,21936,28,74,70,36
131,1,155,74,30801,52,85,110,38
132,1,158,80,32046,58,102,118,37
133,1,162,55,20957,45,66,98,32
134,0,170,71,24567,35,76,94,38
135,1,167,72,25817,41,82,103,41
136,1,172,56,18929,36,66,96,32
137,0,176,80,25826,31,84,101,42
138,1,164,61,22680,28,74,98,34
139,1,154,80,33733,73,101,118,32
140,1,176,66,21307,24,76,101,34
141,1,167,51,18287,26,62,94,34
142,1,170,78,26990,37,86,105,38
143,1,160,78,30469,55,93,110,41
144,1,165,67,24610,38,76,101,36
145,0,182,99,29888,39,98,102,43
146,0,182,82,24755,33,87,101,42
147,0,178,76,23987,40,88,102,40
148,0,180,99,30556,50,104,117,45
149,1,167,101,36215,47,103,130,38
150,1,166,60,21774,49,71,94,35
151,1,170,56,19377,24,70,91,35
152,1,192,72,19531,24,85,105,34
153,1,160,73,28516,43,98,106,38
154,1,159,61,24129,53,76,99,34
155,0,193,90,24162,29,91,108,43
156,1,169,115,40265,50,110,132,42
157,1,158,79,31646,58,108,118,38
158,1,157,80,32456,48,96,112,42
159,1,168,68,24093,22,74,100,34
160,1,168,75,26573,30,86,100,37
161,0,182,113,34114,45,115,112,45
162,1,155,60,24974,43,82,99,36
163,1,172,71,23999,24,89,101,36
164,1,166,84,30483,42,109,120,38
165,1,164,68,25283,49,84,101,37
166,1,154,49,20661,31,63,87,31
167,1,168,100,35431,35,110,119,40
168,0,164,62,23052,26,76,100,36
169,1,168,70,24802,28,81,98,35
170,1,161,54,20833,38,72,90,35
171,1,167,53,19004,36,65,94,31
172,1,167,73,26175,32,88,108,38
173,1,166,77,27943,52,89,110,37
174,1,174,74,24442,37,88,103,36
175,1,160,60,23438,24,74,98,34
176,1,161,45,17360,23,59,86,30
177,1,168,59,20904,26,72,96,32
178,1,167,57,20438,34,73,94,33
179,1,169,62,21708,34,69,87,33
180,1,159,58,22942,25,70,100,32
181,0,187,98,28025,27,95,107,43
182,1,,,,18,,,
183,1,156,50,20546,33,72,92,35
184,1,,,,18,,,
185,1,168,84,29762,38,96,116,34
186,1,,,,18,,,
187,1,174,70,23121,25,73,101,36
188,1,177,56,17875,21,73,92,31
189,1,164,70,26026,44,86,108,37
190,1,159,53,20964,44,64,93,33
191,1,170,89,30796,39,94,115,36
192,1,168,64,22676,37,72,104,34
193,1,167,55,19721,23,65,93,35
194,1,165,55,20202,28,75,86,34
195,1,160,54,21094,22,65,95,31
196,1,172,69,23323,32,74,106,32
197,1,159,57,22547,49,69,97,31
198,1,162,76,28959,28,77,114,36
199,1,171,68,23255,26,80,100,37
200,1,170,76,26298,35,76,106,37
201,1,164,64,23795,39,73,100,35
202,1,160,66,25781,42,81,101,34
203,1,160,65,25391,42,82,99,35
204,0,175,54,17633,22,70,60,34
205,1,158,60,24035,40,81,100,36
206,1,165,56,20569,23,70,97,35
207,1,165,58,21304,31,68,92,33
208,1,176,105,33897,51,99,125,39
209,1,0,0,0,18,0,0,0
210,1,175,80,26122,25,86,108,36
211,1,172,56,18929,33,63,90,33
212,1,163,63,23712,40,73,97,37
213,1,160,61,23828,45,73,88,33
214,0,178,78,24618,22,87,101,39
215,1,164,81,30116,39,88,113,37
216,1,160,86,33594,50,107,117,42
217,1,160,56,21875,37,73,97,34
218,1,168,106,37557,50,113,134,40
219,1,165,62,22773,41,72,94,38
220,0,178,71,22409,31,76,100,37
221,0,170,75,25952,28,82,100,42
222,1,160,75,29297,39,93,110,37
223,0,178,76,23987,42,78,100,38
224,0,176,91,29378,31,105,100,40
225,0,186,96,27749,33,96,113,44
226,0,175,68,22204,35,77,92,38
227,1,164,66,24539,50,83,103,37
228,1,154,54,22769,28,72,96,35
229,1,165,51,18733,24,62,90,33
230,1,168,59,20904,22,68,96,34
231,1,157,61,24747,29,87,97,34
232,0,176,85,27441,34,88,106,40
233,0,178,80,25249,28,88,102,40
234,0,159,62,24524,52,82,80,37
235,1,164,58,21565,26,76,94,34
236,1,164,69,25654,31,82,100,37
237,1,170,60,20761,40,75,92,33
238,1,167,60,21514,35,73,98,32
239,1,0,0,0,18,0,0,0
240,0,186,106,30639,36,108,114,41
241,0,170,80,27682,40,99,102,41
242,1,176,70,22598,52,85,105,36
243,1,160,62,24219,33,77,98,34
244,1,168,72,25510,48,98,75,36
245,0,188,85,24049,35,89,102,40
246,1,168,57,20196,34,66,94,34
247,0,175,71,23184,25,70,103,38
248,1,160,50,19531,25,70,92,32
249,1,168,68,24093,36,75,105,35
250,1,,84,,33,94,114,37
251,1,164,65,24167,48,80,98,38
252,1,164,58,21565,35,71,101,35
253,1,176,91,29378,35,95,115,37
254,1,149,68,30629,53,98,108,38
255,1,166,64,23225,31,88,99,36
256,1,178,73,23040,35,80,107,38
257,1,165,84,30854,44,102,112,38
258,1,164,50,18590,27,67,91,35
259,0,180,92,28395,30,98,108,41
260,0,182,99,29888,26,105,100,44
261,0,180,82,25309,26,81,105,41
262,0,190,87,24100,24,84,96,37
263,1,176,59,19047,34,80,99,34
264,1,168,112,39683,56,121,141,40
265,1,155,53,22060,45,70,87,35
266,0,178,68,21462,52,88,97,38
267,1,165,85,31221,56,95,111,38
268,1,174,78,25763,26,81,101,38
269,1,163,67,25217,35,79,99,35
270,0,178,78,24618,49,90,102,42
271,0,183,85,25381,23,89,107,43
272,1,168,64,22676,46,78,99,35
273,1,157,88,35701,52,91,123,35
274,0,174,100,33029,58,109,116,45
275,1,160,55,21484,49,70,98,37
276,0,176,67,21630,47,83,80,39
277,0,176,98,31637,27,107,112,42
278,0,183,96,28666,27,97,108,42
279,1,174,62,20478,33,74,94,33
280,0,172,82,27718,49,95,100,39
281,1,166,69,25040,49,84,100,37
282,1,162,125,47630,42,118,141,40
283,1,158,70,28040,50,86,102,36
284,1,160,50,19531,32,68,91,33
285,1,173,59,19713,28,64,96,31
286,1,158,54,21631,34,72,94,35
287,0,178,84,26512,26,83,106,43
288,0,182,71,21435,28,80,96,40
289,1,158,63,25236,43,78,101,35
290,1,165,55,20202,35,70,95,32
291,1,164,75,27885,49,90,106,37
292,1,172,93,31436,46,100,119,40
293,1,165,55,20202,37,70,96,31
294,1,165,65,23875,26,87,104,34
295,1,172,72,24337,26,75,103,38
296,1,163,55,20701,23,72,96,36
297,1,168,56,19841,39,70,100,33
298,1,165,59,21671,26,74,102,32
299,1,171,72,24623,37,76,107,36
300,1,168,63,22321,43,77,95,36
301,0,186,97,28038,46,96,102,41
302,0,183,79,23590,34,85,100,40
303,1,168,85,30116,56,98,102,38
304,1,170,67,23183,38,74,104,34
305,1,166,57,20685,34,80,99,34
306,1,162,69,26292,49,86,107,36
307,1,170,62,21453,44,86,98,36
308,1,168,74,26219,49,89,105,37
309,1,172,71,23999,52,91,102,37
310,1,182,62,18718,33,73,94,36
311,1,170,91,31488,43,90,112,37
312,1,173,74,24725,32,76,111,31
313,1,162,93,35437,56,96,121,36
314,1,164,84,31231,48,108,114,40
315,1,170,87,30104,46,92,112,37
316,1,159,90,35600,50,101,122,40
317,1,168,65,23030,45,89,104,38
318,1,175,93,30367,28,90,110,37
319,1,164,64,23795,53,77,100,34
320,0,178,65,20515,27,73,95,37
321,1,174,59,19487,21,67,92,32
322,1,162,60,22862,40,73,98,38
323,1,170,77,26644,49,93,111,37
324,1,176,80,25826,39,85,108,35
325,0,172,99,33464,42,104,110,44
326,1,162,55,20957,39,69,100,33
327,1,170,82,28374,34,92,110,37
328,1,170,84,29066,37,95,111,38
329,1,155,47,19563,26,68,83,31
330,1,164,65,24167,49,76,100,34
331,1,168,79,27990,50,97,114,37
332,1,164,57,21193,51,72,98,37
333,0,185,74,21622,31,79,88,39
334,1,168,60,21259,38,66,98,32
335,1,160,72,28125,48,82,98,37
336,1,164,85,31603,51,104,114,39
337,0,181,72,21977,40,85,98,40
338,0,176,85,27441,31,103,100,41
339,1,164,79,29372,43,86,110,36
340,1,162,70,26673,45,80,101,39
341,1,161,55,21218,47,69,92,35
342,1,160,63,24609,49,81,102,36
343,1,156,56,23011,43,70,96,34
344,1,167,64,22948,52,67,101,32
345,1,172,62,20957,29,72,97,35
346,1,170,84,29066,36,85,113,37
347,1,160,66,25781,40,88,100,38
348,1,159,57,22547,50,75,102,38
349,1,174,85,28075,55,86,110,42
350,1,164,85,31603,49,102,115,40
351,1,160,53,20703,48,67,90,33
352,1,160,61,23828,37,74,96,33
353,1,158,58,23233,43,79,96,36
354,1,169,61,21358,44,70,99,33
355,0,188,80,22635,30,74,86,42
356,0,191,118,32346,39,112,120,44
357,0,176,72,23244,35,79,97,38
358,1,173,62,20716,44,74,97,36
359,1,158,102,40859,36,104,122,41
360,1,173,62,20716,30,69,98,32
361,1,162,81,30864,53,105,114,38
362,1,158,71,28441,43,84,106,36
363,1,164,89,33090,50,107,117,38
364,1,167,62,22231,57,75,96,31
365,1,162,65,24768,18,80,103,33
366,1,158,63,25236,49,86,102,35
367,1,162,63,24005,38,94,101,37
368,1,170,55,19031,38,69,93,33
369,1,165,67,24610,36,85,105,32
370,0,179,84,26216,42,84,80,41
371,0,186,95,27460,30,93,108,42
372,0,170,81,28028,39,94,106,42
373,0,173,88,29403,36,97,100,41
374,1,153,70,29903,56,95,105,40
375,1,163,59,22206,39,72,95,34
376,1,164,57,21193,23,74,95,35
377,1,164,61,22680,37,86,101,36
378,0,175,102,33306,60,110,120,45
379,1,158,112,44865,53,114,120,38
380,1,168,66,23384,38,74,95,35
381,1,168,75,26573,35,87,105,39
382,1,170,75,25952,34,85,102,34
383,1,163,45,16937,32,65,88,31
384,1,160,75,29297,49,80,100,36
385,1,158,62,24836,36,82,95,33
386,0,179,66,20599,38,78,95,40
387,0,178,91,28721,41,100,117,47
388,1,170,46,15917,38,61,85,32
389,0,192,95,25770,25,97,111,41
390,1,163,58,21830,43,82,96,35
391,0,187,89,25451,40,94,105,41
392,0,182,96,28982,49,102,110,43
393,0,176,92,29700,28,95,100,42
394,0,180,98,30247,25,101,111,44
395,0,189,95,26595,50,107,109,45
396,0,178,102,32193,55,116,116,44
397,1,163,55,20701,35,65,96,33
398,1,0,0,0,34,0,0,0
399,1,160,58,22656,55,72,94,36
400,1,167,70,25100,37,83,104,38
401,1,167,77,27609,44,89,106,36
402,1,166,69,25040,53,81,105,36
403,1,160,105,41016,49,144,124,46
404,1,170,101,34948,48,112,131,39
405,1,165,72,26446,49,80,106,35
406,1,166,60,21774,49,83,93,33
407,1,170,91,31488,44,108,115,40
408,1,158,70,28040,50,83,103,36
409,1,160,65,25391,34,73,104,36
410,1,160,50,19531,23,64,89,32
411,0,186,89,25726,28,94,100,41
412,0,184,64,18904,29,74,88,37
413,1,173,72,24057,29,86,104,36
414,1,165,59,21671,23,69,100,36
415,1,158,50,20029,26,62,87,30
416,1,170,66,22837,28,79,94,34
417,1,160,50,19531,28,69,92,33
418,1,164,61,22680,24,71,96,34
419,0,185,74,21622,27,85,90,41
420,0,182,85,25661,29,92,105,41
421,1,162,56,21338,35,79,94,34
422,1,165,52,19100,39,67,90,31
423,0,172,87,29408,47,99,100,37
424,0,185,75,21914,30,86,102,36
425,0,174,66,21799,31,80,94,39
426,1,155,64,26639,36,79,102,35
427,1,170,59,20415,26,74,104,36
428,0,188,76,21503,23,78,100,40
429,0,180,70,21605,27,82,97,40
430,0,177,67,21386,24,78,84,40
431,0,168,70,24802,31,87,100,39
432,1,176,68,21952,22,73,101,35
433,1,168,51,18070,27,68,86,33
434,0,164,62,23052,61,84,96,41
435,0,180,79,24383,25,81,98,42
436,0,173,58,19379,28,71,84,38
437,1,158,48,19228,39,66,93,32
438,1,160,50,19531,37,68,90,31
439,1,164,70,26026,41,76,104,34
440,1,160,64,25000,46,83,104,37
441,0,180,71,21914,34,87,100,38
442,1,156,50,20546,32,70,92,34
443,1,167,65,23307,40,78,100,33
444,1,165,87,31956,57,102,106,38
445,1,164,71,26398,49,82,104,36
446,1,168,58,20550,27,73,96,35
447,1,158,64,25637,44,81,103,36
448,1,166,71,25766,41,82,109,32
449,1,162,56,21338,46,73,97,37
450,1,167,53,19004,33,67,91,34
451,1,158,59,23634,29,76,100,34
452,1,166,93,33749,43,86,118,39
453,1,162,76,28959,33,92,107,36
454,1,158,64,25637,57,88,106,35
455,1,167,61,21872,31,74,101,34
456,0,180,74,22840,41,86,99,39
457,1,162,58,22100,36,64,97,37
458,1,170,57,19723,27,65,93,34
459,1,160,57,22266,27,72,101,36
460,0,171,64,21887,48,76,97,38
461,1,162,53,20195,26,63,94,32
462,0,176,99,31960,39,104,111,42
463,0,176,92,29700,38,99,107,43
464,1,170,60,20761,38,76,94,36
465,1,159,98,38764,44,99,123,41
466,1,170,56,19377,28,67,93,36
467,1,171,64,21887,24,67,96,35
468,1,160,68,26563,33,84,102,37
469,1,160,70,27344,40,94,99,40
470,0,182,90,27171,53,98,108,42
471,1,165,62,22773,30,71,97,30
472,1,172,59,19943,26,74,93,35
473,1,0,0,0,42,0,0,
474,1,165,61,22406,35,77,99,36
475,1,163,50,18819,30,71,93,31
476,1,0,0,0,18,0,0,0
477,1,158,55,22032,37,77,96,36
478,1,170,60,20761,25,78,93,36
479,0,180,90,27778,32,97,102,42
480,1,176,63,20338,29,73,102,35
481,0,185,90,26297,40,94,103,39
482,0,190,101,27978,33,102,113,41
483,1,168,69,24447,44,81,107,32
484,1,164,56,20821,46,70,93,32
485,1,169,82,28710,30,92,110,37
486,0,185,92,26881,26,91,102,42
487,1,172,84,28394,47,90,117,36
488,0,183,101,30159,36,104,112,47
489,0,182,80,24152,39,94,95,40
490,0,173,82,27398,34,92,106,41
491,0,180,90,27778,45,104,111,47
492,1,147,45,20825,21,62,84,33
493,1,157,55,22313,36,60,94,33
494,1,161,64,24690,43,81,101,37
495,1,170,80,27682,33,97,107,40
496,1,165,76,27916,36,83,116,37
497,1,158,58,23233,28,79,96,33
498,1,164,56,20821,31,69,99,34
499,1,169,62,21708,22,69,95,34
500,1,168,64,22676,44,74,100,38
451,1,158,59,23634,29,76,100,34
452,1,166,93,33749,43,86,118,39
453,1,162,76,28959,33,92,107,36
454,1,158,64,25637,57,88,106,35
455,1,167,61,21872,31,74,101,34
456,0,180,74,22840,41,86,99,39
457,1,162,58,22100,36,64,97,37
458,1,170,57,19723,27,65,93,34
459,1,160,57,22266,27,72,101,36
460,0,171,64,21887,48,76,97,38
461,1,162,53,20195,26,63,94,32
462,0,176,99,31960,39,104,111,42
463,0,176,92,29700,38,99,107,43
464,1,170,60,20761,38,76,94,36
465,1,159,98,38764,44,99,123,41
466,1,170,56,19377,28,67,93,36
467,1,171,64,21887,24,67,96,35
468,1,160,68,26563,33,84,102,37
469,1,160,70,27344,40,94,99,40
470,0,182,90,27171,53,98,108,42
471,1,165,62,22773,30,71,97,30
472,1,172,59,19943,26,74,93,35
473,1,0,0,0,42,0,0,0
474,1,165,61,22406,35,77,99,36
475,1,163,50,18819,30,71,93,31
476,1,0,0,0,18,0,0,0
477,1,158,55,22032,37,77,96,36
478,1,170,60,20761,25,78,93,36
479,0,180,90,27778,32,97,102,42
480,1,176,63,20338,29,73,102,35
481,0,185,90,26297,40,94,103,39
482,0,190,101,27978,33,102,113,41
483,1,168,69,24447,44,81,107,32
484,1,164,56,20821,46,70,93,32
485,1,169,82,28710,30,92,110,37
486,0,185,92,26881,26,91,102,42
487,1,172,84,28394,47,90,117,36
488,0,183,101,30159,36,104,112,47
489,0,182,80,24152,39,94,95,40
490,0,173,82,27398,34,92,106,41
491,0,180,90,27778,45,104,111,47
492,1,147,45,20825,21,62,84,33
493,1,157,55,22313,36,60,94,33
494,1,161,64,24690,43,81,101,37
495,1,170,80,27682,33,97,107,40
496,1,165,76,27916,36,83,116,37
497,1,158,58,23233,28,79,96,33
498,1,164,56,20821,31,69,99,34
499,1,169,62,21708,22,69,95,34
500,1,168,64,22676,44,74,100,38
551,1,167,62,22231,48,76,102,38
552,0,189,64,17917,45,87,103,39
553,1,170,75,25952,36,95,105,39
554,0,184,77,22743,27,82,85,41
555,0,182,71,21435,49,81,99,40
556,1,158,57,22833,33,71,95,34
557,1,152,65,28134,47,85,101,37
558,1,159,49,19382,24,69,86,30
559,0,174,70,23121,33,87,90,41
560,0,172,60,20281,26,73,96,39
561,0,173,83,27732,52,101,102,42
562,1,0,0,0,18,0,0,0
563,0,176,93,30023,38,95,103,43
564,0,175,84,27429,56,92,104,38
565,0,186,124,35842,28,121,114,44
566,0,167,77,27609,48,98,106,40
567,1,177,84,26812,55,88,114,39
568,0,179,85,26529,40,98,101,42
569,0,180,82,25309,33,90,104,41
570,0,170,95,32872,54,102,110,42
571,0,182,69,20831,34,80,82,37
572,0,169,70,24509,38,87,98,37
573,0,178,88,27774,39,94,105,42
574,0,183,79,23590,22,81,101,39
575,0,176,89,28732,26,99,101,43
576,0,188,84,23766,41,96,106,42
577,0,165,69,25344,53,81,96,38
578,1,159,65,25711,52,88,103,
579,1,0,0,0,29,0,0,0
580,0,170,86,29758,52,107,110,44
581,0,172,94,31774,55,105,115,43
582,0,164,68,25283,40,82,100,38
583,0,183,95,28368,48,97,110,43
584,1,156,60,24655,51,84,102,37
585,1,162,78,29721,24,87,98,34
586,1,165,70,25712,41,85,100,37
587,0,167,65,23307,59,83,97,38
588,0,175,77,25143,59,95,102,41
589,0,172,78,26366,32,87,106,38
590,0,180,70,21605,21,77,98,38
591,0,176,73,23567,46,86,104,40
592,0,191,102,27960,45,97,107,42
593,0,186,95,27460,44,105,110,44
594,0,184,83,24516,34,88,90,41
595,0,180,90,27778,53,97,106,42
596,0,187,90,25737,37,91,109,43
597,1,180,59,18210,31,71,96,32
598,1,164,65,24167,50,70,101,34
599,1,176,61,19693,51,75,97,33
600,0,198,107,27293,50,106,117,40
601,1,164,70,26026,50,83,109,40
602,1,179,75,23408,26,79,110,36
603,0,164,68,25283,36,77,99,43
604,1,159,0,0,36,123,132,43
605,0,178,71,22409,27,77,98,41
606,1,172,60,20281,35,71,93,32
607,1,169,66,23108,34,78,96,34
608,0,186,80,23124,42,88,97,38
609,0,176,88,28409,27,94,94,41
610,1,164,68,25283,51,81,102,40
611,1,164,96,35693,50,97,127,38
612,0,173,94,31408,50,98,107,42
613,1,160,73,28516,51,93,105,38
614,1,168,64,22676,39,76,94,36
615,1,168,78,27636,54,93,106,41
616,1,158,46,18427,37,65,88,35
617,1,160,55,21484,35,74,98,34
626,0,178,76,23987,55,90,101,38
627,1,157,67,27182,31,90,106,36
628,1,164,65,24167,53,83,100,37
630,1,164,55,20449,29,72,94,36
629,1,166,55,19959,20,68,94,37
625,1,158,55,22032,27,73,93,32
633,1,162,55,20957,37,77,99,37
634,1,172,54,18253,30,64,90,32
635,1,158,85,34049,48,94,110,37
636,1,158,68,27239,,89,107,35
637,1,158,67,26839,48,82,104,36
638,1,174,69,22790,51,84,104,38
639,1,164,87,32347,49,96,104,41
640,1,175,64,20898,45,76,105,35
641,1,165,76,27916,33,86,110,39
642,1,157,47,19068,36,69,87,32
643,1,160,58,22656,49,77,98,37
644,1,168,68,24093,43,76,98,35
645,1,160,80,31250,54,93,117,39
646,1,163,69,25970,48,80,104,36
647,1,170,79,27336,34,80,103,35
648,1,172,75,25352,28,80,110,38
649,1,154,69,29094,49,90,102,41
650,1,161,57,21990,46,75,95,37
651,1,170,63,21799,42,73,99,39
652,1,156,58,23833,40,72,97,37
653,1,170,93,32180,38,97,120,41
654,1,175,90,29388,35,89,114,38
655,1,166,85,30846,52,101,115,39
656,0,170,81,28028,51,97,95,42
657,1,170,69,23875,42,78,107,36
658,1,166,68,24677,46,81,99,34
659,1,160,58,22656,32,74,95,37
660,1,160,57,22266,41,66,95,32
661,1,164,91,33834,45,104,117,40
662,1,165,89,32691,44,96,110,41
663,1,165,72,26446,40,86,98,35
664,0,0,0,0,0,0,0,0
665,1,166,65,23588,53,79,102,33
666,0,0,0,0,29,0,0,0
667,0,182,68,20529,54,86,96,38
668,1,158,51,20429,19,65,95,34
669,1,162,82,31245,56,102,108,37
670,1,167,82,29402,38,110,116,41
671,1,158,52,20830,51,72,98,34
672,0,176,86,27763,48,109,105,45
673,0,171,79,27017,59,95,105,41
674,1,162,70,26673,32,78,104,34
675,0,185,99,28926,41,110,104,43
676,1,165,78,28650,53,90,117,38
677,1,170,68,23529,47,83,104,37
678,1,161,70,27005,48,85,101,37
679,1,163,69,25970,44,84,99,37
680,1,168,64,22676,48,80,99,34
681,0,180,103,31790,50,114,110,43
682,0,182,92,27774,51,101,104,46
683,1,164,63,23424,37,74,96,33
684,1,157,45,18256,30,65,86,35
685,1,160,45,17578,32,62,93,33
686,1,152,56,24238,33,70,97,33
687,1,159,70,27689,49,89,104,36
688,0,170,80,27682,38,91,108,40
689,0,173,69,23055,50,84,101,38
690,0,172,80,27042,42,95,103,42
691,0,180,82,25309,51,98,106,41
692,0,167,85,30478,60,100,107,44
693,1,163,54,20324,35,65,97,32
694,1,160,70,27344,47,85,106,36
695,1,164,68,25283,55,84,106,36
696,0,183,94,28069,26,109,105,43
697,1,160,51,19922,27,66,93,34
698,1,170,70,24221,30,76,106,36
699,1,162,75,28578,47,94,104,40
700,1,170,57,19723,33,66,95,33
701,1,172,76,25690,38,76,106,38
702,0,180,67,20679,43,78,96,36
703,1,168,56,19841,48,70,93,34
704,1,164,76,28257,47,80,106,36
705,0,192,86,23329,38,92,103,40
706,0,184,140,41352,28,138,120,46
707,1,160,69,26953,25,81,105,35
708,1,170,71,24567,54,96,103,37
709,0,190,135,37396,37,124,127,45
710,1,169,64,22408,25,74,101,37
711,1,170,64,22145,40,76,94,33
712,1,160,89,34766,37,108,120,41
713,1,160,54,21094,34,78,89,33
714,1,173,64,21384,34,73,97,35
715,1,170,66,22837,41,81,103,37
716,1,168,64,22676,44,76,101,35
717,1,163,60,22583,31,76,96,34
718,1,172,68,22985,32,74,105,35
719,1,164,54,20077,40,72,87,32
720,1,170,55,19031,32,73,93,34
721,1,153,47,20078,28,60,90,35
722,1,171,61,20861,40,77,94,37
723,1,165,75,27548,46,87,107,32
724,1,178,69,21778,33,81,103,34
725,0,0,0,0,35,0,0,0
726,1,158,75,30043,44,94,110,38
727,1,158,60,24035,57,84,98,36
728,0,190,90,24931,39,92,103,42
729,1,164,63,23424,63,75,102,35
730,0,173,90,30071,48,105,110,42
731,0,172,60,20281,53,76,95,36
732,0,170,74,25606,61,94,98,40
733,1,158,56,22432,38,86,97,37
734,1,163,63,23712,40,79,100,35
735,0,176,61,19693,36,79,83,38
736,0,176,78,25181,29,85,102,40
737,0,176,67,21630,51,85,98,40
738,0,178,84,26512,53,104,103,42
739,1,170,64,22145,44,76,101,36
740,0,183,102,30458,58,114,118,41
741,0,182,106,32001,51,125,120,47
742,0,181,100,30524,50,110,113,45
743,1,163,71,26723,41,82,110,33
744,1,162,51,19433,29,64,96,35
745,1,162,64,24387,43,80,97,35
746,0,180,74,22840,59,97,103,41
747,0,190,72,19945,27,79,94,37
748,0,178,102,32193,39,118,111,44
749,1,163,75,28228,55,96,109,37
750,0,184,104,30718,24,110,113,44
751,1,176,67,21630,32,83,102,37
752,0,190,112,31025,46,107,116,44
753,0,180,86,26543,39,93,90,39
754,0,182,99,29888,49,110,116,44
755,0,172,78,26366,49,92,90,42
756,1,165,52,19100,33,71,93,37
757,0,170,96,33218,36,111,111,48
758,1,160,89,34766,51,102,112,42
759,1,166,80,29032,50,89,113,39
760,0,175,78,25469,41,87,105,43
761,1,176,68,21952,53,80,103,38
762,0,174,72,23781,38,80,94,41
763,1,161,49,18904,27,61,86,32
764,1,172,69,23323,38,74,110,37
765,1,162,61,23243,45,80,97,38
766,0,186,96,27749,46,101,110,45
767,0,164,60,22308,41,76,92,36
768,0,182,98,29586,44,103,113,45
769,0,178,80,25249,44,94,105,41
770,1,170,65,22491,44,77,101,38
771,0,0,0,0,0,0,0,0
772,0,0,0,0,0,0,0,0
773,1,158,60,24035,55,74,99,34
774,0,177,78,24897,62,102,100,42
775,0,180,60,18519,40,80,96,42
776,0,0,0,0,0,0,0,0
777,0,170,94,32526,57,109,102,42
778,0,176,110,35511,52,127,118,48
779,1,163,59,22206,54,80,100,34
780,0,176,89,28732,62,101,100,46
781,1,172,78,26366,26,81,108,38
782,0,0,0,0,0,0,0,0
783,1,157,81,32861,60,107,117,41
784,1,185,100,29218,38,89,125,36
785,0,176,95,30669,38,105,100,45
786,1,162,66,25149,34,72,97,35
787,0,185,95,27757,35,94,108,42
788,1,162,86,32769,42,98,116,42
789,1,164,78,29001,48,97,115,37
790,0,170,95,32872,37,107,100,46
791,1,160,53,20703,31,71,99,35
792,1,160,47,18359,28,66,94,34
793,0,182,83,25057,32,91,110,40
794,0,170,85,29412,56,102,107,42
795,0,170,75,25952,61,100,,46
796,0,188,91,25747,49,93,108,42
797,0,186,95,27460,57,93,110,41
798,0,179,84,26216,33,91,106,43
799,1,161,65,25076,58,80,102,34
800,1,163,72,27099,57,86,104,35
801,1,167,70,25100,55,89,98,37
802,1,165,52,19100,54,71,96,32
803,1,167,49,17570,29,67,93,32
804,0,176,89,28732,35,101,107,43
805,0,184,94,27765,30,102,106,47
806,0,168,70,24802,34,86,100,38
807,0,174,96,31708,33,98,103,43
808,1,165,79,29017,53,88,110,39
809,0,178,90,28406,30,103,104,42
810,0,180,71,21914,34,83,80,37
811,1,170,61,21107,23,76,100,36
812,1,160,62,24219,35,74,105,34
813,0,182,89,26869,51,104,110,43
814,1,173,50,16706,25,63,96,35
815,0,176,95,30669,48,114,111,48
816,0,184,88,25992,43,90,105,41
817,0,185,93,27173,39,96,110,47
818,0,179,89,27777,40,98,106,39
819,1,164,80,29744,57,99,112,34
820,0,178,84,26512,35,98,112,42
821,0,178,84,26512,35,87,108,43
822,0,182,100,30190,42,110,112,41
823,0,176,87,28086,53,104,110,44
824,1,172,60,20281,27,64,96,34
825,0,175,94,30694,61,105,115,41
826,0,169,84,29411,59,108,100,43
827,1,159,66,26107,40,84,110,36
828,1,164,59,21936,39,69,94,36
829,0,171,105,35908,36,116,114,48
830,0,191,95,26041,39,89,98,40
831,0,169,72,25209,34,86,99,36
832,0,184,63,18608,23,72,94,38
833,0,187,88,25165,38,89,108,42
834,1,160,57,22266,28,73,97,36
835,0,176,80,25826,37,91,101,43
836,1,178,50,15781,25,64,87,34
837,1,168,50,17715,33,68,90,35
838,0,186,85,24569,38,89,96,42
839,0,175,104,33959,46,111,110,44
840,1,158,59,23634,47,79,96,39
841,1,154,81,34154,48,104,113,40
842,1,170,80,27682,50,88,102,38
843,1,165,84,30854,41,92,113,36
844,1,159,105,41533,48,112,130,39
845,1,162,55,20957,24,72,97,35
846,1,159,61,24129,25,74,94,33
847,1,164,79,29372,40,96,116,34
848,1,168,60,21259,44,77,103,37
849,1,170,55,19031,49,67,91,32
850,1,164,62,23052,25,71,101,35
851,1,168,58,20550,21,74,102,38
852,1,165,48,17631,25,62,86,32
853,1,168,60,21259,24,74,97,33
854,1,163,67,25217,26,76,106,34
855,1,167,62,22231,42,68,98,28
856,0,170,87,30104,57,101,111,42
857,1,157,50,20285,34,69,74,37
858,1,178,72,22724,35,73,103,36
859,1,175,83,27102,38,81,115,35
860,0,181,96,29303,35,104,109,41
862,0,176,65,20984,35,82,95,36
863,1,173,62,20716,26,73,99,34
864,1,176,133,42936,55,128,150,48
865,1,150,60,26667,50,79,92,35
866,1,158,79,31646,53,96,108,36
867,1,158,67,26839,43,82,104,36
868,1,170,72,24913,48,78,105,36
869,1,160,53,20703,32,62,92,30
870,0,184,98,28946,58,102,107,41
871,1,166,65,23588,27,74,99,35
872,1,156,51,20957,35,70,97,34
873,1,164,58,21565,32,74,95,32
874,1,168,82,29053,26,91,113,35
875,1,174,61,20148,24,70,98,36
876,1,169,70,24509,36,82,102,30
877,1,164,59,21936,36,79,97,32
878,1,168,60,21259,28,76,103,36
879,1,171,71,24281,26,78,100,38
880,1,164,69,25654,26,84,104,35
881,1,164,54,20077,29,66,92,28
882,1,168,75,26573,28,89,110,38
883,1,172,76,25690,34,82,103,38
884,1,173,71,23723,30,83,101,35
885,1,164,52,19334,23,65,94,34
886,1,163,50,18819,20,63,90,34
887,1,160,61,23828,29,78,95,28
888,1,162,60,22862,36,75,97,35
889,1,155,75,31217,31,84,105,40
890,1,170,68,23529,31,79,103,36
891,1,162,64,24387,33,75,103,37
892,1,165,56,20569,32,65,93,28
893,1,162,65,24768,34,77,104,35
894,1,165,80,29385,54,95,103,39
895,1,168,80,28345,42,94,109,38
896,1,174,68,22460,41,75,101,34
897,1,165,44,16162,30,67,84,32
898,1,158,45,18026,25,63,90,34
899,1,164,58,21565,30,74,98,32
900,1,162,58,22100,23,72,97,29
901,1,171,92,31463,59,95,122,37
902,1,158,65,26037,36,71,100,37
903,1,175,60,19592,27,76,95,32
904,1,161,69,26619,30,79,102,29
905,1,160,105,41016,47,115,113,44
906,1,164,50,18590,23,64,94,34
907,1,158,71,28441,34,87,106,35
908,0,181,83,25335,59,101,110,40
909,0,180,74,22840,58,93,103,39
910,0,180,82,25309,45,91,102,40
911,0,170,79,27336,56,100,102,39
912,0,176,85,27441,49,92,102,42
913,0,172,75,25352,39,98,96,42
914,0,173,65,21718,29,86,100,42
915,1,175,69,22531,22,68,101,29
916,0,178,83,26196,56,95,110,42
917,0,186,103,29772,23,104,110,42
918,0,182,97,29284,25,101,106,43
919,0,170,82,28374,63,98,105,39
920,0,166,83,30120,44,97,101,40
921,1,167,63,22590,23,75,103,34
922,1,164,60,22308,23,76,99,33
923,0,168,84,29762,39,96,108,44
924,0,172,139,46985,42,145,139,52
925,0,182,70,21133,23,76,97,40
926,0,180,94,29012,28,96,107,40
927,0,183,103,30756,46,100,118,40
928,0,180,120,37037,25,117,119,47
929,1,173,68,22720,26,72,101,30
930,1,175,52,16980,37,69,95,37
931,1,163,62,23335,50,80,100,36
932,1,158,83,33248,48,102,124,37
933,1,168,55,19487,37,66,90,28
934,1,157,55,22313,37,70,94,35
935,1,155,51,21228,25,71,95,31
936,1,155,49,20395,47,66,92,35
937,1,162,68,25911,38,85,109,37
938,1,158,67,26839,47,77,108,35
939,1,159,51,20173,33,61,92,27
940,1,155,49,20395,37,68,96,31
941,1,164,45,16731,30,64,86,34
942,0,173,95,31742,56,102,111,44
943,1,164,64,23795,24,71,106,28
944,1,165,74,27181,42,89,106,40
945,1,165,82,30119,42,86,114,32
946,1,159,67,26502,45,82,104,35
947,0,165,75,27548,25,95,99,39
948,1,158,59,23634,35,74,96,36
949,1,164,70,26026,55,91,109,38
950,1,163,58,21830,35,67,97,27
951,1,166,68,24677,54,74,107,37
952,1,170,82,28374,45,101,102,38
953,1,171,71,24281,42,78,105,36
954,1,166,71,25766,34,86,105,35
955,1,174,103,34020,49,103,126,40
956,0,173,79,26396,58,106,114,41
957,1,163,100,37638,23,103,130,42
958,1,166,55,19959,42,68,94,33
959,1,169,66,23108,39,79,95,27
960,1,162,64,24387,27,76,104,37
961,1,174,70,23121,28,78,107,39
962,1,167,78,27968,33,83,105,35
963,0,182,95,28680,25,94,114,42
964,1,152,49,21208,33,73,90,32
965,1,172,65,21971,29,72,100,28
966,1,168,63,22321,20,78,103,37
967,1,170,70,24221,28,76,106,34
968,1,168,61,21613,36,68,101,36
969,1,154,57,24034,54,78,96,35
970,1,164,110,40898,44,129,140,43
971,1,172,65,21971,25,74,100,32
972,1,169,55,19257,31,70,94,32
973,1,160,64,25000,34,74,102,40
974,1,158,53,21231,28,66,94,32
975,1,160,55,21484,44,70,93,34
976,0,173,72,24057,34,92,99,38
977,1,168,65,23030,34,71,103,35
978,1,158,74,29643,,86,112,37
979,0,181,104,31745,62,111,114,43
980,1,165,88,32323,25,95,115,36
981,1,163,105,39520,43,124,120,44
982,1,168,75,26573,33,92,110,35
983,1,172,80,27042,36,85,111,35
984,1,158,48,19228,34,68,94,35
985,1,159,44,17404,28,68,84,36
986,1,163,88,33121,33,95,117,
987,1,165,60,22039,30,80,101,37
988,1,169,72,25209,36,88,108,37
989,1,168,64,22676,39,72,106,32
990,1,168,76,26927,34,85,105,36
991,0,176,89,28732,25,91,110,41
992,1,158,64,25637,41,78,100,36
993,1,165,58,21304,31,77,97,34
994,1,171,84,28727,21,80,103,38
995,1,167,62,22231,42,77,97,37
996,1,172,60,20281,34,74,100,32
997,1,168,65,23030,23,70,102,37
998,1,173,62,20716,23,72,98,37
999,1,164,65,24167,26,89,102,34
1000,1,180,84,25926,36,80,115,41
1001,1,160,79,30859,45,90,108,37
1002,1,176,70,22598,26,74,108,37
1003,1,168,67,23739,30,81,103,33
1004,1,162,60,22862,28,71,99,35
1005,1,175,76,24816,32,93,108,35
1006,1,160,50,19531,37,66,94,37
1007,1,161,88,33949,52,107,122,44
1008,1,164,72,26770,51,89,105,37
1009,0,180,82,25309,33,91,104,33
1010,1,170,62,21453,40,75,100,36
1011,1,163,55,20701,45,76,92,29
1012,1,162,60,22862,28,70,99,33
1013,1,164,49,18218,38,68,91,33
1014,1,167,54,19362,38,61,91,27
1015,1,170,72,24913,30,83,107,37
1016,1,160,89,34766,21,99,123,37
1017,1,168,63,22321,36,77,97,33
1018,1,164,58,21565,45,80,99,31
1019,1,170,113,39100,50,115,139,43
1020,1,163,57,21454,42,78,98,30
1021,1,167,80,28685,52,91,121,37
1022,1,160,95,37109,48,100,120,38
1023,1,156,54,22189,35,66,94,34
1024,1,152,69,29865,50,91,111,33
1025,1,164,55,20449,36,73,93,34
1026,1,164,59,21936,36,76,92,29
1027,1,160,80,31250,44,96,116,37
1028,1,170,96,33218,43,109,134,40
1029,1,158,65,26037,48,86,107,34
1030,1,165,59,21671,22,83,98,35
1031,1,163,47,17690,21,69,89,29
1032,1,164,55,20449,35,66,88,31
1033,1,172,64,21633,30,70,105,34
1034,1,162,53,20195,33,66,92,30
1035,1,169,67,23459,35,81,103,31
1036,1,178,82,25881,33,87,115,39
1037,1,156,58,23833,51,77,96,32
1038,1,170,76,26298,51,90,110,40
1039,1,167,71,25458,53,80,111,33
1040,1,163,92,34627,55,104,121,37
1041,1,169,51,17857,32,68,89,33
1042,1,164,65,24167,53,80,104,38
1043,1,166,55,19959,23,79,98,35
1044,1,168,46,16298,21,63,86,33
1045,1,164,58,21565,33,71,97,33
1046,1,159,74,29271,28,88,110,36
1047,1,164,60,22308,39,72,98,39
1048,1,164,51,18962,22,70,92,31
1049,1,173,64,21384,23,80,104,34
1050,1,163,64,24088,50,82,102,36
1051,1,173,80,26730,55,99,111,37
1052,1,156,70,28764,57,86,104,32
1053,1,164,60,22308,36,74,94,32
1054,1,150,61,27111,33,76,103,32
1055,1,165,69,25344,22,91,103,38
1056,1,168,102,36139,46,100,132,38
1057,1,164,78,29001,48,95,112,38
1058,1,172,56,18929,22,64,96,29
1059,1,160,73,28516,49,90,106,41
1060,1,173,87,29069,33,92,114,37
1061,1,167,53,19004,26,63,95,33
1062,1,171,70,23939,30,86,110,36
1063,1,170,57,19723,51,73,100,36
1064,1,174,74,24442,26,74,106,34
1065,1,170,130,44983,30,127,137,38
1066,1,163,89,33498,56,105,120,42
1067,0,186,80,23124,34,86,103,42
1068,1,180,70,21605,42,81,103,36
1069,1,166,89,32298,41,98,112,42
1070,1,165,66,24242,25,72,102,35
1071,1,164,70,26026,27,81,104,38
1072,1,164,120,44616,38,110,130,40
1073,1,167,71,25458,40,82,97,37
1074,1,164,59,21936,33,75,99,34
1075,1,168,75,26573,49,89,108,38
1076,1,160,90,35156,36,97,115,39
1077,1,176,61,19693,31,68,100,34
1078,0,175,90,29388,25,98,110,38
1079,1,170,74,25606,49,80,104,32
1080,1,168,60,21259,23,75,100,33
1081,1,159,75,29667,51,91,107,38
1082,1,170,59,20415,25,76,100,37
1083,1,178,84,26512,31,90,110,37
1084,1,168,85,30116,48,90,110,38
1085,1,161,78,30091,46,90,117,42
1086,1,158,80,32046,51,98,113,42
1087,1,178,84,26512,49,87,118,38
1088,1,158,70,28040,49,88,114,37
1089,1,170,52,17993,22,71,94,30
1090,1,170,60,20761,31,73,102,38
1091,1,169,56,19607,40,72,91,34
1092,1,164,58,21565,41,72,94,31
1093,1,164,54,20077,47,69,96,31
1094,1,172,61,20619,34,75,95,35
1095,1,159,69,27293,49,87,103,36
1096,1,168,68,24093,47,76,100,36
1097,0,170,76,26298,43,91,104,30
1098,1,158,64,25637,59,85,101,35
1099,1,160,80,31250,39,65,97,31
1100,1,172,53,17915,28,68,88,34
1101,1,164,79,29372,59,110,121,40
1102,,,,,61,,,
1103,1,168,74,26219,29,88,104,39
1104,1,165,80,29385,44,97,113,38
1105,1,162,60,22862,32,78,100,35
1106,0,175,93,30367,24,104,111,44
1107,1,162,54,20576,28,70,96,34
1108,1,170,50,17301,27,62,92,32
1109,1,167,55,19721,39,72,95,33
1110,0,179,105,32771,38,108,115,42
1111,1,163,70,26346,35,83,104,33
1112,1,167,64,22948,26,75,102,35
1113,1,164,78,29001,54,85,114,38
1114,1,165,86,31589,47,101,113,41
1115,1,155,55,22893,32,73,99,32
1116,1,157,77,31239,48,93,112,39
1117,0,180,76,23457,26,86,104,42
1118,1,168,60,21259,35,74,95,34
1119,1,175,60,19592,25,65,92,29
1120,1,162,86,32769,40,95,115,38
1121,1,172,69,23323,30,74,92,31
1122,1,164,95,35321,49,102,123,38
1123,1,167,91,32629,41,97,117,38
1124,1,150,48,21333,30,72,93,35
1125,1,165,61,22406,22,72,101,32
1126,1,168,67,23739,36,86,102,32
1127,1,176,80,25826,54,92,113,32
1128,1,162,52,19814,38,64,94,33
1129,1,172,56,18929,38,66,91,29
1130,1,170,76,26298,52,92,104,38
1131,1,156,51,20957,52,74,96,30
1132,1,161,73,28162,47,85,107,34
1133,1,167,65,23307,38,74,99,30
1134,1,168,68,24093,45,72,103,32
1135,1,165,55,20202,38,71,95,32
1136,1,156,42,17258,50,64,88,30
1137,0,185,103,30095,51,101,119,40
1138,1,160,61,23828,30,74,101,34
1139,1,168,63,22321,52,79,97,34
1140,1,155,58,24142,55,75,98,35
1141,0,169,99,34663,60,112,122,42
1142,1,165,83,30487,38,93,114,36
1143,1,160,46,17969,32,64,90,29
1144,1,160,70,27344,29,90,100,35
1145,1,164,57,21193,25,65,96,33
1146,1,167,50,17928,35,64,92,33
1147,1,164,79,29372,47,91,109,37
1148,1,156,79,32462,54,95,111,36
1149,1,160,55,21484,48,77,92,33
1150,1,163,105,39520,48,104,134,40
1151,1,160,85,33203,45,110,112,37
1152,1,175,82,26776,55,82,112,40
1153,1,164,90,33462,37,106,122,40
1154,1,172,66,22309,28,72,102,31
1155,1,163,60,22583,25,77,97,33
1156,1,167,55,19721,32,68,98,35
1157,1,162,91,34675,36,101,125,40
1158,1,162,72,27435,48,86,103,36
1159,0,179,70,21847,30,81,102,40
1160,1,164,54,20077,48,63,94,33
1161,0,182,87,26265,28,91,106,41
1162,1,158,100,40058,45,101,130,42
1163,1,176,80,25826,47,90,111,36
1164,1,167,62,22231,52,71,101,31
1165,1,150,47,20889,53,76,91,33
1166,1,158,63,25236,69,90,107,34
1167,1,164,72,26770,69,99,102,32
1168,1,155,78,32466,49,83,114,38
1169,1,163,53,19948,45,77,93,33
1170,1,164,65,24167,57,82,102,36
1171,1,162,63,24005,55,80,103,34
1172,0,184,80,23629,38,90,102,40
1173,1,170,83,28720,32,91,114,38
1174,1,167,91,32629,41,104,119,37
1175,1,167,53,19004,20,64,94,31
1176,1,164,93,34578,43,103,120,37
1177,1,172,60,20281,20,68,95,32
1178,1,165,86,31589,38,97,113,37
1179,1,175,65,21224,34,72,102,38
1180,0,0,0,0,33,0,0,0
1181,1,160,91,35547,41,107,113,35
1182,0,176,100,32283,26,111,116,43
1183,1,163,59,22206,36,80,102,35
1184,0,169,90,31512,45,103,107,43
1185,1,163,66,24841,42,89,106,34
1186,1,164,55,20449,38,67,96,31
1187,1,154,50,21083,39,76,94,32
1188,1,163,53,19948,35,70,92,31
1189,1,168,51,18070,38,67,93,32
1190,1,162,57,21719,28,69,92,33
1191,1,158,65,26037,50,81,103,34
1192,1,170,73,25260,49,83,103,34
1193,1,164,72,26770,25,82,110,37
1194,1,178,72,22724,44,74,106,34
1195,1,161,53,20447,48,68,98,32
1196,1,173,64,21384,47,74,104,34
1197,1,162,68,25911,49,85,103,34
1198,1,165,58,21304,32,64,92,30
1199,1,165,54,19835,27,66,91,33
1200,1,170,60,20761,27,69,95,34
1201,1,176,70,22598,42,76,106,32
1202,1,164,65,24167,50,77,101,34
1203,1,160,59,23047,53,78,97,32
1204,1,164,70,26026,46,82,106,34
1205,1,168,65,23030,24,70,104,33
1206,1,173,104,34749,35,100,129,35
1207,1,167,65,23307,28,71,94,31
1208,1,169,68,23809,27,75,98,34
1209,1,164,59,21936,31,69,89,32
1210,1,164,64,23795,33,79,96,36
1211,1,164,71,26398,54,81,110,31
1212,1,166,63,22863,48,71,98,31
1213,1,162,85,32388,35,87,107,37
1214,1,164,78,29001,46,94,104,34
1215,1,164,59,21936,42,75,98,32
1216,1,166,73,26492,39,77,102,34
1217,1,175,65,21224,44,75,101,34
1218,1,167,123,44103,55,130,139,48
1219,1,180,86,26543,34,92,112,36
1220,1,156,59,24244,38,73,90,31
1221,1,170,62,21453,42,75,95,34
1222,1,164,69,25654,50,87,107,37
1223,1,158,74,29643,35,95,110,35
1224,1,162,57,21719,36,68,93,32
1225,1,156,47,19313,27,65,91,29
1226,1,176,74,23889,28,75,99,34
1227,1,164,66,24539,29,91,102,32
1228,1,174,62,20478,28,72,93,30
1229,1,169,71,24859,27,85,105,40
1230,1,165,59,21671,32,70,96,32
1231,1,160,48,18750,22,62,92,31
1232,1,168,65,23030,34,75,100,34
1233,1,172,83,28056,34,84,102,32
1234,1,165,58,21304,28,76,99,35
1235,1,167,58,20797,20,72,97,32
1236,1,173,60,20047,22,71,99,34
1237,1,165,70,25712,22,75,101,35
1238,1,173,66,22052,21,72,102,33
1239,1,162,84,32007,53,108,117,37
1240,1,160,59,23047,34,74,97,35
1241,1,156,69,28353,35,85,105,35
1242,1,164,69,25654,37,76,108,39
1243,1,170,68,23529,37,74,102,31
1244,1,153,90,38447,55,107,118,41
1246,1,164,79,29372,44,94,112,34
1247,1,168,72,25510,47,89,107,37
1248,1,165,70,25712,20,82,107,35
1249,1,164,90,33462,54,109,121,39
1250,0,178,65,20515,24,75,89,35
1251,1,164,68,25283,32,74,97,31
1252,1,170,48,16609,21,63,91,30
1253,1,167,65,23307,22,75,101,31
1254,0,175,79,25796,27,82,99,38
1255,1,168,58,20550,39,74,95,32
1256,1,162,71,27054,31,80,111,34
1257,1,160,51,19922,24,70,94,31
1258,1,175,85,27755,56,94,112,32
1259,0,183,91,27173,34,93,107,43
1260,1,150,67,29778,53,96,93,37
1261,1,164,55,20449,21,70,92,34
1262,1,162,100,38104,39,126,103,36
1263,1,170,65,22491,32,71,100,31
1264,1,178,84,26512,47,90,107,37
1265,1,173,105,35083,36,98,129,39
1266,1,167,83,29761,47,98,106,33
1267,1,155,54,22477,49,73,96,32
1268,1,164,71,26398,41,79,101,37
1269,1,182,67,20227,51,75,99,34
1270,1,167,80,28685,43,88,108,38
1271,1,164,70,26026,54,84,104,38
1272,1,164,74,27513,52,91,105,33
1273,1,165,56,20569,28,70,93,36
1274,1,168,51,18070,26,65,90,35
1275,1,176,84,27118,46,104,103,41
1276,1,168,96,34014,46,100,124,36
1277,1,158,68,27239,26,76,103,34
1278,1,158,62,24836,42,77,104,37
1279,0,176,85,27441,36,97,105,43
1280,1,171,68,23255,25,82,95,30
1281,1,160,73,28516,49,85,105,40
1282,1,173,62,20716,31,73,96,34
1283,1,164,79,29372,30,88,110,36
1284,1,158,52,20830,30,62,87,34
1285,1,170,92,31834,51,93,112,33
1286,0,185,104,30387,27,103,110,47
1287,1,176,57,18401,24,67,90,33
1288,1,167,126,45179,36,119,120,38
1289,0,175,90,29388,30,97,105,40
1290,1,158,68,27239,49,73,103,38
1291,1,175,78,25469,30,83,112,37
1292,1,167,54,19362,25,64,94,38
1293,1,160,72,28125,45,87,104,36
1294,1,162,61,23243,26,75,95,36
1295,1,167,59,21155,21,73,98,34
1296,0,177,74,23620,21,80,96,38
1297,1,158,65,26037,50,82,103,35
1298,1,164,54,20077,38,70,92,30
1299,1,158,63,25236,46,78,93,38
1300,1,156,58,23833,52,74,100,33
1301,1,170,56,19377,26,64,89,27
1302,1,170,75,25952,25,78,106,36
1303,1,160,73,28516,30,83,107,36
1304,1,164,80,29744,49,94,112,33
1305,1,175,73,23837,46,88,106,35
1306,1,164,82,30488,42,88,112,37
1307,1,174,62,20478,22,66,92,33
1308,1,156,84,34517,46,104,117,34
1309,1,164,77,28629,50,100,110,38
1310,1,168,66,23384,49,82,99,35
1311,1,165,65,23875,46,83,96,36
1312,1,161,92,35492,47,92,116,36
1313,1,175,77,25143,38,78,104,37
1314,1,158,75,30043,42,87,105,35
1315,1,172,76,25690,40,79,113,30
1316,1,170,60,20761,45,69,96,28
1317,1,173,98,32744,29,96,120,36
1318,0,176,80,25826,24,87,103,39
1319,1,163,55,20701,44,73,94,34
1320,1,160,64,25000,60,80,99,33
1321,1,167,77,27609,44,82,111,36
1322,1,178,57,17990,22,69,98,34
1323,1,164,48,17847,27,60,86,26
1324,0,186,83,23991,25,80,102,30
1325,1,173,72,24057,24,74,109,34
1326,1,164,82,30488,44,96,113,38
1327,1,155,116,48283,49,110,134,45
1328,1,153,54,23068,47,64,95,32
1329,1,163,55,20701,23,69,99,32
1330,1,158,64,25637,44,90,100,37
1331,1,164,95,35321,48,103,118,39
1332,1,165,60,22039,40,77,99,31
1333,1,153,44,18796,21,67,77,32
1334,1,163,85,31992,27,89,114,37
1335,1,160,55,21484,48,69,96,35
1336,1,156,69,28353,50,90,104,35
1337,1,165,53,19467,34,67,92,28
1338,1,164,62,23052,28,77,101,33
1339,1,163,67,25217,48,77,92,30
1340,1,164,75,27885,47,84,101,37
1341,1,158,80,32046,36,89,108,34
1342,1,169,73,25559,47,86,109,38
1343,1,158,74,29643,27,87,111,38
1344,1,167,60,21514,24,72,96,36
1345,1,160,56,21875,25,62,92,28
1346,1,167,85,30478,28,97,118,37
1347,1,170,83,28720,47,87,117,37
1348,1,164,47,17475,21,63,88,31
1349,1,164,80,29744,23,84,111,35
1350,1,158,50,20029,55,66,90,33
1351,1,157,79,32050,27,92,112,38
1352,0,180,70,21605,31,84,101,40
1353,1,175,70,22857,39,80,107,37
1354,1,172,59,19943,29,72,96,33
1355,1,158,44,17625,34,66,86,34
1356,1,164,54,20077,31,74,98,33
1357,1,161,49,18904,24,63,90,32
1358,1,156,50,20546,35,66,95,31
1359,1,167,55,19721,27,71,100,34
1360,1,167,44,15777,25,58,82,26
1361,1,164,63,23424,35,80,100,36
1362,0,179,66,20599,22,70,98,38
1363,1,163,73,27476,28,81,108,34
1364,1,157,59,23936,37,78,103,34
1365,1,169,60,21008,22,62,100,34
1366,1,163,52,19572,44,62,91,31
1367,1,155,60,24974,46,82,96,33
1368,0,182,85,25661,51,88,110,40
1369,0,172,86,29070,57,107,110,44
1370,1,165,90,33058,51,99,112,36
1371,0,172,78,26366,60,88,110,41
1372,1,168,90,31888,50,99,117,37
1373,0,176,78,25181,33,97,107,39
1374,1,154,51,21504,54,69,92,34
1375,1,164,60,22308,29,70,100,34
1376,0,166,93,33749,58,116,110,46
1377,1,175,58,18939,22,67,95,35
1378,1,164,60,22308,35,80,100,37
1379,1,160,50,19531,24,64,91,31
1380,1,170,101,34948,57,105,126,41
1381,1,164,50,18590,34,66,88,27
1382,1,173,91,30405,25,91,120,34
1383,1,168,51,18070,34,62,91,31
1384,1,158,45,18026,45,60,86,25
1385,1,163,62,23335,49,75,99,36
1386,1,156,93,38215,51,102,123,37
1387,1,180,88,27160,33,84,112,38
1388,1,168,59,20904,26,67,98,35
1389,1,168,80,28345,40,92,110,33
1390,1,160,59,23047,26,71,101,34
1391,1,164,66,24539,56,82,106,38
1392,1,160,50,19531,40,69,85,31
1393,1,168,82,29053,48,101,110,37
1394,1,173,70,23389,26,77,104,36
1395,1,155,52,21644,52,70,91,27
1396,1,162,65,24768,42,77,103,34
1397,1,165,66,24242,49,75,100,38
1398,1,160,68,26563,41,82,104,40
1399,1,156,54,22189,40,72,95,34
1400,0,181,92,28082,23,90,107,42
1401,1,158,83,33248,50,92,109,36
1402,1,169,64,22408,31,73,98,38
1403,0,182,100,30190,49,110,116,35
1404,1,175,58,18939,25,67,90,31
1405,1,165,59,21671,26,72,94,33
1406,1,164,60,22308,22,72,98,28
1407,1,170,59,20415,37,74,94,38
1408,1,171,62,21203,32,71,93,35
1409,1,170,51,17647,36,69,88,32
1410,0,185,90,26297,28,94,105,42
1411,1,164,52,19334,27,68,92,34
1362,0,179,66,20599,22,70,98,38
1413,1,164,59,21936,33,74,101,34
1414,1,166,86,31209,28,92,111,38
1415,1,158,48,19228,47,60,90,38
1416,1,173,61,20382,38,75,95,35
1417,1,170,64,22145,23,72,101,35
1418,1,154,55,23191,22,69,94,34
1419,1,164,54,20077,37,63,90,27
1420,1,156,48,19724,29,68,91,30
1421,1,170,68,23529,31,72,101,36
1422,1,155,52,21644,49,74,96,33
1423,1,172,84,28394,27,89,107,31
1424,1,163,59,22206,42,60,91,27
1425,1,176,128,41322,34,119,140,40
1426,1,160,55,21484,38,70,97,33
1427,1,167,74,26534,48,79,106,36
1428,1,169,83,29061,38,93,111,38
1429,1,161,55,21218,38,73,94,34
1430,1,170,65,22491,35,74,98,28
1431,1,167,81,29044,45,97,109,37
1432,1,158,81,32447,44,96,116,38
1433,1,167,65,23307,25,68,99,28
1434,1,155,50,20812,23,67,93,32
1435,1,160,58,22656,21,71,101,38
1436,1,159,72,28480,48,92,102,31
1437,1,171,74,25307,36,80,108,35
1438,1,164,70,26026,45,86,106,37
1439,1,168,52,18424,24,68,94,36
1440,1,172,70,23661,33,79,108,36
1441,1,161,53,20447,33,69,94,31
1442,1,156,71,29175,59,93,107,38
1443,1,168,57,20196,29,64,93,34
1444,1,176,85,27441,60,83,119,38
1445,1,164,56,20821,36,64,96,35
1446,1,175,84,27429,23,88,100,31
1447,1,167,62,22231,29,65,100,32
1448,1,168,60,21259,32,73,100,35
1449,1,155,50,20812,23,68,88,32
1450,1,162,58,22100,39,71,95,32
1451,0,180,84,25926,28,85,100,42
1452,0,178,97,30615,38,105,106,44
1453,1,157,60,24342,47,70,97,34
1454,1,168,61,21613,54,77,95,36
1455,1,170,72,24913,47,82,106,34
1456,1,160,47,18359,29,62,76,26
1457,1,164,56,20821,25,71,95,33
1458,1,164,66,24539,60,81,104,34
1459,1,173,62,20716,39,65,107,27
1460,1,155,54,22477,44,66,90,31
1461,1,174,53,17506,24,62,97,30
1462,1,160,50,19531,25,62,86,25
1463,1,164,66,24539,50,87,102,34
1464,1,162,75,28578,25,86,108,36
1465,1,164,64,23795,34,78,105,34
1466,1,174,94,31048,50,94,117,32
1467,0,191,110,30153,35,107,120,46
1468,1,169,75,26260,48,86,111,40
1469,1,162,86,32769,58,112,118,38
1470,1,158,77,30844,56,97,110,40
1471,1,167,57,20438,35,67,96,34
1472,1,168,75,26573,54,90,110,31
1473,1,174,63,20809,23,70,97,34
1474,1,174,60,19818,26,67,96,36
1475,1,170,61,21107,31,76,95,34
1476,1,168,94,33305,35,94,127,35
1477,1,165,60,22039,37,69,101,35
1478,1,158,54,21631,30,70,94,32
1479,1,162,64,24387,45,75,106,36
1480,1,162,58,22100,31,67,83,27
1481,1,165,64,23508,30,81,94,36
1482,1,175,98,32000,28,96,117,37
1483,1,166,68,24677,31,82,107,38
1484,1,172,71,23999,45,80,102,35
1485,1,157,86,34890,48,111,125,40
1486,1,158,46,18427,27,64,88,32
1487,1,166,70,25403,54,89,111,39
1488,1,169,74,25909,26,83,111,38
1489,1,168,74,26219,40,84,109,40
1490,0,191,69,18914,23,72,100,39
1491,1,161,78,30091,57,80,110,30
1492,1,168,66,23384,28,73,98,34
1493,1,168,65,23030,33,70,99,32
1494,1,161,79,30477,39,85,111,37
1495,1,184,100,29537,43,90,139,40
1496,1,170,105,36332,29,103,120,37
1497,1,159,54,21360,45,64,96,30
1498,1,164,102,37924,45,102,110,36
1499,0,178,79,24934,22,81,102,40
1500,1,167,66,23665,55,70,103,33
1501,1,168,75,26573,51,83,105,30
1502,1,167,58,20797,30,69,97,33
1503,1,164,56,20821,41,70,95,35
1504,1,173,73,24391,48,82,101,35
1505,0,169,78,27310,37,81,104,36
1506,1,158,55,22032,31,72,93,34
1507,1,167,71,25458,35,84,104,36
1508,1,157,84,34078,52,102,108,40
1509,1,159,50,19778,48,64,88,32
1510,1,168,52,18424,36,62,93,34
1511,1,168,66,23384,33,71,97,28
1512,1,163,59,22206,29,65,93,33
1513,1,160,49,19141,24,68,91,32
1514,1,160,80,31250,41,91,117,38
1515,1,172,72,24337,36,79,104,37
1516,0,170,66,22837,48,86,97,32
1517,1,164,55,20449,34,70,95,34
1518,1,163,66,24841,36,69,110,33
1519,1,164,54,20077,29,67,100,34
1520,1,156,90,36982,61,95,131,39
1521,1,170,70,24221,37,74,98,30
1522,1,170,80,27682,53,88,111,39
1523,1,158,91,36452,47,96,116,42
1524,1,162,92,35056,50,95,114,40
1525,1,169,81,28360,57,91,113,41
1526,1,167,70,25100,56,85,108,36
1527,1,160,75,29297,57,93,106,41
1528,1,168,68,24093,36,76,94,32
1529,1,164,55,20449,27,64,95,32
1530,1,162,62,23624,23,77,99,37
1531,1,165,56,20569,24,67,94,32
1532,1,158,52,20830,33,75,92,34
1533,1,162,54,20576,26,66,96,35
1534,1,160,58,22656,25,70,95,35
1535,1,152,55,23805,48,72,100,36
1536,1,158,55,22032,31,68,88,25
1537,1,170,80,27682,23,81,107,37
1538,1,174,64,21139,39,71,98,36
1539,1,160,58,22656,41,70,91,32
1540,1,165,55,20202,30,68,97,34
1541,1,163,61,22959,27,68,94,30
1542,1,168,54,19133,38,74,95,34
1543,1,168,69,24447,45,78,103,38
1544,1,164,88,32719,34,100,120,37
1545,1,173,68,22720,33,80,102,38
1546,1,165,66,24242,36,74,101,37
1547,1,159,65,25711,49,76,105,35
1548,1,173,61,20382,33,71,99,36
1549,1,168,91,32242,30,105,114,38
1550,1,164,62,23052,25,70,99,35
1551,1,165,56,20569,42,64,96,35
1552,1,155,69,28720,45,93,103,35
1553,1,170,98,33910,34,112,119,40
1554,1,164,71,26398,48,80,104,35
1555,1,158,50,20029,33,68,94,36
1556,1,172,85,28732,40,96,104,34
1557,1,164,62,23052,41,79,99,36
1558,1,162,55,20957,36,70,95,35
1559,1,170,65,22491,41,70,94,28
1560,1,158,70,28040,51,86,106,32
1561,1,155,55,22893,38,72,96,34
1562,1,167,93,33346,41,108,115,43
1563,1,158,70,28040,38,86,94,30
1564,1,169,70,24509,37,73,105,36
1565,1,162,58,22100,52,71,97,36
1566,1,164,84,31231,36,93,109,39
1567,1,160,55,21484,48,78,101,38
1568,1,163,63,23712,51,75,107,35
1569,1,158,73,29242,54,90,104,30
1570,1,167,55,19721,25,67,96,34
1571,1,156,59,24244,52,76,101,32
1572,1,158,73,29242,50,88,112,35
1573,1,168,65,23030,23,78,99,28
1574,1,166,56,20322,36,65,95,31
1575,1,164,58,21565,22,72,101,31
1576,1,164,54,20077,36,68,92,28
1577,1,173,68,22720,24,75,102,32
1578,0,173,75,25059,31,93,101,41
1579,1,164,80,29744,56,100,117,39
1580,1,164,105,39039,51,103,126,36
1581,1,164,85,31603,47,87,115,35
1582,1,178,75,23671,21,81,112,38
1583,1,168,85,30116,40,99,126,44
1584,1,164,55,20449,28,70,96,35
1585,1,165,51,18733,24,62,92,30
1586,1,167,54,19362,21,68,88,28
1587,1,163,69,25970,53,82,104,35
1588,1,164,90,33462,50,104,115,43
1589,1,168,61,21613,44,79,98,34
1590,1,158,56,22432,50,69,88,33
1591,1,161,77,29706,32,92,112,34
1592,1,158,45,18026,36,60,85,32
1593,1,164,61,22680,33,79,100,34
1594,1,172,64,21633,24,78,98,39
1595,1,168,58,20550,26,78,89,32
1596,1,175,66,21551,37,78,102,33
1597,1,174,78,25763,36,80,110,34
1598,0,187,93,26595,23,94,111,42
1599,1,172,72,24337,24,80,106,36
1600,1,170,60,20761,32,70,92,31
1601,1,167,49,17570,24,64,92,32
1602,0,178,72,22724,39,88,102,39
1603,1,160,68,26563,45,81,104,36
1604,1,158,54,21631,41,72,92,31
1605,0,168,67,23739,49,78,101,39
1606,0,188,95,26879,35,102,106,42
1607,1,172,65,21971,33,76,103,31
1608,1,172,61,20619,28,76,93,30
1609,1,168,71,25156,40,87,102,36
1610,1,162,68,25911,24,97,109,39
1611,1,158,100,40058,52,100,118,36
